{
  "test": { "loss": 1.024824857711792, "accuracy": 0.7951914668083191 },
  "train": {
    "loss": [2.808204174041748, 1.4383083581924438],
    "val_accuracy": [0.6508407592773438, 0.742828905582428]
  }
}
